{
	"name": "3d661e79-36d9-427f-a2d5-f6307862b218",
	"id": "/providers/Microsoft.Flow/flows/3d661e79-36d9-427f-a2d5-f6307862b218",
	"type": "Microsoft.Flow/flows",
	"properties": {
		"apiId": "/providers/Microsoft.PowerApps/apis/shared_logicflows",
		"displayName": "Synchronize Partner Referral to CRM Lead",
		"definition": {
			"metadata": {
				"workflowEntityId": null,
				"creator": {
					"id": "fd94d12a-b84a-4df7-9323-a54e475539e8",
					"type": "User",
					"tenantId": "7d23e5ca-19dc-4eaa-aac8-5e6b559f0d1d"
				},
				"provisioningMethod": "FromDefinition",
				"failureAlertSubscription": true,
				"clientLastModifiedTime": "2019-04-28T23:41:00.58474Z"
			},
			"$schema": "https://schema.management.azure.com/providers/Microsoft.Logic/schemas/2016-06-01/workflowdefinition.json#",
			"contentVersion": "1.0.0.0",
			"parameters": {
				"$connections": {
					"defaultValue": {},
					"type": "Object"
				},
				"$authentication": {
					"defaultValue": {},
					"type": "SecureObject"
				}
			},
			"triggers": {
				"manual": {
					"type": "Request",
					"kind": "Http",
					"inputs": {
						"schema": {
							"properties": {
								"AuditUri": {},
								"EventName": {
									"type": "string"
								},
								"ResourceChangeUtcDate": {
									"type": "string"
								},
								"ResourceName": {
									"type": "string"
								},
								"ResourceUri": {
									"type": "string"
								}
							},
							"type": "object"
						},
						"method": "POST"
					}
				}
			},
			"actions": {
				"GET_referral_from_Microsoft": {
					"runAfter": {
						"Web_hook_certificate_validation": [
							"Succeeded"
						]
					},
					"type": "Http",
					"inputs": {
						"method": "GET",
						"uri": " @{variables('referralresourceuri')}",
						"authentication": {
							"type": "ActiveDirectoryOAuth",
							"tenant": "@variables('Tenant')",
							"audience": "@variables('Audience')",
							"clientId": "@variables('AppId')",
							"secret": "@variables('Key')"
						}
					}
				},
				"Parse_JSON_-_Microsoft_Partner_Center_Referral": {
					"runAfter": {
						"GET_referral_from_Microsoft": [
							"Succeeded"
						]
					},
					"type": "ParseJson",
					"inputs": {
						"content": "@{body('GET_referral_from_Microsoft')} ",
						"schema": {
							"type": "object",
							"properties": {
								"@@odata.context": {
									"type": [
										"string",
										"null"
									]
								},
								"id": {
									"type": "string"
								},
								"engagementId": {
									"type": "string"
								},
								"name": {
									"type": [
										"string",
										"null"
									]
								},
								"organizationId": {
									"type": [
										"string",
										"null"
									]
								},
								"organizationName": {
									"type": [
										"string",
										"null"
									]
								},
								"externalReferenceId": {
									"type": [
										"string",
										"null"
									]
								},
								"createdDateTime": {
									"type": [
										"string",
										"null"
									]
								},
								"updatedDateTime": {
									"type": [
										"string",
										"null"
									]
								},
								"expirationDateTime": {},
								"status": {
									"type": [
										"string",
										"null"
									]
								},
								"substatus": {
									"type": [
										"string",
										"null"
									]
								},
								"statusReason": {
									"type": [
										"string",
										"null"
									]
								},
								"qualification": {
									"type": [
										"string",
										"null"
									]
								},
								"type": {
									"type": [
										"string",
										"null"
									]
								},
								"eTag": {
									"type": [
										"string",
										"null"
									]
								},
								"target": {
									"type": "array",
									"items": {
										"type": "object",
										"properties": {
											"type": {
												"type": [
													"string",
													"null"
												]
											},
											"id": {
												"type": [
													"string",
													"null"
												]
											}
										},
										"required": [
											"type",
											"id"
										]
									}
								},
								"consent": {
									"type": "object",
									"properties": {
										"consentToToShareInfoWithOthers": {
											"type": "boolean"
										},
										"consentToContact": {
											"type": "boolean"
										}
									}
								},
								"details": {
									"type": "object",
									"properties": {
										"notes": {
											"type": [
												"string",
												"null"
											]
										},
										"dealValue": {},
										"currency": {
											"type": [
												"string",
												"null"
											]
										},
										"closingDateTime": {},
										"requirements": {
											"type": "object",
											"properties": {
												"industries": {
													"type": "array"
												},
												"products": {
													"type": "array"
												},
												"services": {
													"type": "array"
												},
												"solutions": {
													"type": "array"
												}
											}
										}
									}
								},
								"inviteContext": {
									"type": "object",
									"properties": {
										"notes": {},
										"invitedBy": {
											"type": "object",
											"properties": {
												"organizationId": {},
												"organizationName": {}
											}
										}
									}
								},
								"links": {
									"type": "object",
									"properties": {
										"relatedReferrals": {
											"type": "object",
											"properties": {
												"uri": {
													"type": [
														"string",
														"null"
													]
												},
												"method": {
													"type": [
														"string",
														"null"
													]
												}
											}
										},
										"self": {
											"type": "object",
											"properties": {
												"uri": {
													"type": [
														"string",
														"null"
													]
												},
												"method": {
													"type": [
														"string",
														"null"
													]
												}
											}
										}
									}
								},
								"customerProfile": {
									"type": "object",
									"properties": {
										"name": {
											"type": [
												"string",
												"null"
											]
										},
										"size": {
											"type": [
												"string",
												"null"
											]
										},
										"address": {
											"type": "object",
											"properties": {
												"addressLine1": {
													"type": [
														"string",
														"null"
													]
												},
												"addressLine2": {
													"type": [
														"string",
														"null"
													]
												},
												"city": {
													"type": [
														"string",
														"null"
													]
												},
												"state": {
													"type": [
														"string",
														"null"
													]
												},
												"postalCode": {
													"type": [
														"string",
														"null"
													]
												},
												"country": {
													"type": [
														"string",
														"null"
													]
												},
												"region": {}
											}
										},
										"ids": {
											"type": "array"
										},
										"team": {
											"type": "array",
											"items": {
												"type": "object",
												"properties": {
													"email": {
														"type": [
															"string",
															"null"
														]
													},
													"firstName": {
														"type": [
															"string",
															"null"
														]
													},
													"lastName": {
														"type": [
															"string",
															"null"
														]
													},
													"phoneNumber": {
														"type": [
															"string",
															"null"
														]
													},
													"contactPreference": {
														"type": [
															"string",
															"null"
														],
														"properties": {
															"locale": {
																"type": [
																	"string",
																	"null"
																]
															},
															"disableNotifications": {
																"type": [
																	"boolean",
																	"null"
																]
															}
														}
													}
												},
												"required": [
													"email",
													"firstName",
													"lastName",
													"phoneNumber",
													"contactPreference"
												]
											}
										}
									}
								},
								"team": {
									"type": "array",
									"items": {
										"type": "object",
										"properties": {
											"email": {
												"type": [
													"string",
													"null"
												]
											},
											"firstName": {
												"type": [
													"string",
													"null"
												]
											},
											"lastName": {
												"type": [
													"string",
													"null"
												]
											},
											"phoneNumber": {
												"type": [
													"string",
													"null"
												]
											},
											"contactPreference": {
												"type": "object",
												"properties": {
													"locale": {
														"type": [
															"string",
															"null"
														]
													},
													"disableNotifications": {
														"type": [
															"boolean",
															"null"
														]
													}
												}
											}
										},
										"required": [
											"email",
											"firstName",
											"lastName",
											"phoneNumber",
											"contactPreference"
										]
									}
								}
							}
						}
					}
				},
				"AppId": {
					"runAfter": {},
					"type": "InitializeVariable",
					"inputs": {
						"variables": [
							{
								"name": "AppId",
								"type": "String",
								"value": "26a43cb2-f651-4b1b-b4bc-19186b3e658e"
							}
						]
					}
				},
				"Key": {
					"runAfter": {
						"AppId": [
							"Succeeded"
						]
					},
					"type": "InitializeVariable",
					"inputs": {
						"variables": [
							{
								"name": "Key",
								"type": "String",
								"value": "0Xza8R/r5C+Qhl2ml9VgEAE9dHmd1nWfN3NKlFYCjyo="
							}
						]
					}
				},
				"Tenant": {
					"runAfter": {
						"Key": [
							"Succeeded"
						]
					},
					"type": "InitializeVariable",
					"inputs": {
						"variables": [
							{
								"name": "Tenant",
								"type": "String",
								"value": "TESTTESTdavitLargeP2.onmicrosoft.com"
							}
						]
					}
				},
				"CustomerFirstName": {
					"runAfter": {
						"Parse_JSON_-_Microsoft_Partner_Center_Referral": [
							"Succeeded"
						]
					},
					"type": "InitializeVariable",
					"inputs": {
						"variables": [
							{
								"name": "CustomerFirstName",
								"type": "String",
								"value": "0"
							}
						]
					}
				},
				"POST_Lead_Id_back_to_Partner_Center": {
					"runAfter": {
						"Create_or_Update_Lead_in_Dynamics_CRM": [
							"Succeeded"
						]
					},
					"type": "Http",
					"inputs": {
						"method": "PUT",
						"uri": "@variables('referralresourceuri')",
						"headers": {
							"If-Match": "@body('Parse_JSON_-_Microsoft_Partner_Center_Referral')?['eTag']"
						},
						"body": {
							"id": "@{body('Parse_JSON_-_Microsoft_Partner_Center_Referral')?['id']}",
							"status": "@{body('Parse_JSON_-_Microsoft_Partner_Center_Referral')?['status']}",
							"substatus": "@{body('Parse_JSON_-_Microsoft_Partner_Center_Referral')?['substatus']}",
							"target": "@body('Parse_JSON_-_Microsoft_Partner_Center_Referral')?['target']",
							"customerProfile": {
								"ids": "@body('Parse_JSON_-_Microsoft_Partner_Center_Referral')?['customerProfile']?['ids']",
								"name": "@body('Parse_JSON_-_Microsoft_Partner_Center_Referral')?['customerProfile']?['name']",
								"address": {
									"addressLine1": "@body('Parse_JSON_-_Microsoft_Partner_Center_Referral')?['customerProfile']?['address']?['addressLine1']",
									"addressLine2": "@body('Parse_JSON_-_Microsoft_Partner_Center_Referral')?['customerProfile']?['address']?['addressLine2']",
									"city": "@body('Parse_JSON_-_Microsoft_Partner_Center_Referral')?['customerProfile']?['address']?['city']",
									"state": "@body('Parse_JSON_-_Microsoft_Partner_Center_Referral')?['customerProfile']?['address']?['state']",
									"postalCode": "@body('Parse_JSON_-_Microsoft_Partner_Center_Referral')?['customerProfile']?['address']?['postalCode']",
									"country": "@body('Parse_JSON_-_Microsoft_Partner_Center_Referral')?['customerProfile']?['address']?['country']"
								},
								"size": "@body('Parse_JSON_-_Microsoft_Partner_Center_Referral')?['customerProfile']?['size']",
								"team": "@body('Parse_JSON_-_Microsoft_Partner_Center_Referral')?['customerProfile']?['team']"
							},
							"eTag": "@body('Parse_JSON_-_Microsoft_Partner_Center_Referral')?['eTag']",
							"engagementId": "@body('Parse_JSON_-_Microsoft_Partner_Center_Referral')?['engagementId']",
							"organizationId": "@body('Parse_JSON_-_Microsoft_Partner_Center_Referral')?['organizationId']",
							"createdDateTime": "@body('Parse_JSON_-_Microsoft_Partner_Center_Referral')?['createdDateTime']",
							"qualification": "@body('Parse_JSON_-_Microsoft_Partner_Center_Referral')?['qualification']",
							"type": "@body('Parse_JSON_-_Microsoft_Partner_Center_Referral')?['type']",
							"consent": "@body('Parse_JSON_-_Microsoft_Partner_Center_Referral')?['consent']",
							"details": "@body('Parse_JSON_-_Microsoft_Partner_Center_Referral')?['details']",
							"team": "@body('Parse_JSON_-_Microsoft_Partner_Center_Referral')?['team']",
							"inviteContext": "@body('Parse_JSON_-_Microsoft_Partner_Center_Referral')?['inviteContext']",
							"updatedDateTime": "@body('Parse_JSON_-_Microsoft_Partner_Center_Referral')?['updatedDateTime']",
							"expirationDateTime": "@body('Parse_JSON_-_Microsoft_Partner_Center_Referral')?['expirationDateTime']",
							"organizationName": "@body('Parse_JSON_-_Microsoft_Partner_Center_Referral')?['organizationName']",
							"externalReferenceId": "@variables('LeadId')",
							"name": "@body('Parse_JSON_-_Microsoft_Partner_Center_Referral')?['name']"
						},
						"authentication": {
							"type": "ActiveDirectoryOAuth",
							"tenant": "@variables('Tenant')",
							"audience": "@variables('Audience')",
							"clientId": "@variables('AppId')",
							"secret": "@variables('Key')"
						}
					}
				},
				"CustomerLastName": {
					"runAfter": {
						"CustomerFirstName": [
							"Succeeded"
						]
					},
					"type": "InitializeVariable",
					"inputs": {
						"variables": [
							{
								"name": "CustomerLastName",
								"type": "String",
								"value": "0"
							}
						]
					}
				},
				"LeadId": {
					"runAfter": {
						"Read_Customer_Name": [
							"Succeeded"
						]
					},
					"type": "InitializeVariable",
					"inputs": {
						"variables": [
							{
								"name": "LeadId",
								"type": "String",
								"value": "@body('Parse_JSON_-_Microsoft_Partner_Center_Referral')?['externalReferenceId']"
							}
						]
					}
				},
				"Audience": {
					"runAfter": {
						"ReferralResourceUri": [
							"Succeeded"
						]
					},
					"type": "InitializeVariable",
					"inputs": {
						"variables": [
							{
								"name": "Audience",
								"type": "String",
								"value": "@{concat('https://', uriHost(triggerBody()?['ResourceUri']))}"
							}
						]
					}
				},
				"Web_hook_certificate_validation": {
					"runAfter": {
						"x-ms-signature-algorithm": [
							"Succeeded"
						]
					},
					"type": "Http",
					"inputs": {
						"method": "POST",
						"uri": "<<CertificateValidationLogicApp>>",
						"headers": {
							"x-ms-certificate-url": "@variables('x-ms-certificate-url')",
							"x-ms-signature-algorithm": "@variables('x-ms-signature-algorithm')",
							"x-ms-signature": "@variables('x-ms-signature')"
						},
						"authentication": {
							"type": "ActiveDirectoryOAuth",
							"tenant": "@variables('Tenant')",
							"audience": "@{concat('https://', uriHost(triggerBody()?['AuditUri']))}",
							"clientId": "@variables('AppId')",
							"secret": "@variables('Key')"
						}
					}
				},
				"x-ms-certificate-url": {
					"runAfter": {
						"Audience": [
							"Succeeded"
						]
					},
					"type": "InitializeVariable",
					"inputs": {
						"variables": [
							{
								"name": "x-ms-certificate-url",
								"type": "String",
								"value": "@{triggerOutputs()['headers']['x-ms-certificate-url']}"
							}
						]
					}
				},
				"x-ms-signature": {
					"runAfter": {
						"x-ms-certificate-url": [
							"Succeeded"
						]
					},
					"type": "InitializeVariable",
					"inputs": {
						"variables": [
							{
								"name": "x-ms-signature",
								"type": "String",
								"value": "@{triggerOutputs()['headers']['x-ms-signature']}"
							}
						]
					}
				},
				"x-ms-signature-algorithm": {
					"runAfter": {
						"x-ms-signature": [
							"Succeeded"
						]
					},
					"type": "InitializeVariable",
					"inputs": {
						"variables": [
							{
								"name": "x-ms-signature-algorithm",
								"type": "String",
								"value": "@{triggerOutputs()['headers']['x-ms-signature-algorithm']}"
							}
						]
					}
				},
				"ReferralResourceUri": {
					"runAfter": {
						"Tenant": [
							"Succeeded"
						]
					},
					"type": "InitializeVariable",
					"inputs": {
						"variables": [
							{
								"name": "referralresourceuri",
								"type": "String",
								"value": " @{triggerBody()?['ResourceUri']}"
							}
						]
					}
				},
				"Create_or_Update_Lead_in_Dynamics_CRM": {
					"actions": {
						"Get_record": {
							"runAfter": {},
							"metadata": {
								"flowSystemMetadata": {
									"swaggerOperationId": "GetItem"
								}
							},
							"type": "ApiConnection",
							"inputs": {
								"host": {
									"connection": {
										"name": "@parameters('$connections')['shared_dynamicscrmonline_1']['connectionId']"
									},
									"api": {
										"runtimeUrl": "https://unitedstates-002.azure-apim.net/apim/dynamicscrmonline"
									}
								},
								"method": "get",
								"path": "/datasets/@{encodeURIComponent(encodeURIComponent('orge905237c.crm'))}/tables/@{encodeURIComponent(encodeURIComponent('leads'))}/items/@{encodeURIComponent(encodeURIComponent(body('Parse_JSON_-_Microsoft_Partner_Center_Referral')?['externalReferenceId']))}",
								"authentication": "@parameters('$authentication')"
							}
						},
						"Condition": {
							"actions": {
								"Update_a_record": {
									"runAfter": {},
									"metadata": {
										"flowSystemMetadata": {
											"swaggerOperationId": "PatchItem"
										}
									},
									"type": "ApiConnection",
									"inputs": {
										"host": {
											"connection": {
												"name": "@parameters('$connections')['shared_dynamicscrmonline_1']['connectionId']"
											},
											"api": {
												"runtimeUrl": "https://unitedstates-002.azure-apim.net/apim/dynamicscrmonline"
											}
										},
										"method": "patch",
										"body": {
											"_address1_addresstypecode_label": "",
											"_address2_addresstypecode_label": "",
											"_budgetstatus_label": "",
											"_customerid_type": "",
											"_industrycode_label": "",
											"_initialcommunication_label": "",
											"_leadsourcecode_label": "",
											"_need_label": "",
											"_ownerid_type": "",
											"_preferredcontactmethodcode_label": "",
											"_prioritycode_label": "",
											"_purchaseprocess_label": "",
											"_purchasetimeframe_label": "",
											"_leadqualitycode_label": "",
											"_salesstagecode_label": "",
											"_salesstage_label": "",
											"_statecode_label": "",
											"_statuscode_label": "",
											"_msdyn_ordertype_label": ""
										},
										"path": "/datasets/@{encodeURIComponent(encodeURIComponent('orge905237c.crm'))}/tables/@{encodeURIComponent(encodeURIComponent('leads'))}/items/@{encodeURIComponent(encodeURIComponent(body('Parse_JSON_-_Microsoft_Partner_Center_Referral')?['externalReferenceId']))}",
										"authentication": "@parameters('$authentication')"
									}
								}
							},
							"runAfter": {
								"Get_record": [
									"Succeeded"
								]
							},
							"else": {
								"actions": {
									"Create_a_new_record": {
										"runAfter": {},
										"metadata": {
											"flowSystemMetadata": {
												"swaggerOperationId": "PostItem"
											}
										},
										"type": "ApiConnection",
										"inputs": {
											"host": {
												"connection": {
													"name": "@parameters('$connections')['shared_dynamicscrmonline_1']['connectionId']"
												},
												"api": {
													"runtimeUrl": "https://unitedstates-002.azure-apim.net/apim/dynamicscrmonline"
												}
											},
											"method": "post",
											"body": {
												"lastname": "@variables('CustomerLastName')",
												"subject": "@body('Parse_JSON_-_Microsoft_Partner_Center_Referral')?['id']",
												"budgetamount": "@body('Parse_JSON_-_Microsoft_Partner_Center_Referral')?['details']?['dealValue']",
												"companyname": "@body('Parse_JSON_-_Microsoft_Partner_Center_Referral')?['customerProfile']?['name']",
												"firstname": "@variables('CustomerFirstName')",
												"_leadsourcecode_label": "",
												"_purchasetimeframe_label": "",
												"merged": false,
												"_address1_addresstypecode_label": "Default Value",
												"_address2_addresstypecode_label": "Default Value",
												"_budgetstatus_label": "",
												"confirminterest": false,
												"_customerid_type": "",
												"decisionmaker": false,
												"donotbulkemail": false,
												"donotemail": false,
												"donotfax": false,
												"donotpostalmail": false,
												"donotphone": false,
												"evaluatefit": false,
												"followemail": true,
												"msdyn_gdproptout": false,
												"_industrycode_label": "",
												"_initialcommunication_label": "",
												"donotsendmm": false,
												"_need_label": "",
												"_ownerid_type": "",
												"participatesinworkflow": false,
												"_preferredcontactmethodcode_label": "Any",
												"_prioritycode_label": "Default Value",
												"_purchaseprocess_label": "",
												"_leadqualitycode_label": "Warm",
												"_salesstagecode_label": "Default Value",
												"_salesstage_label": "",
												"_statuscode_label": "",
												"_msdyn_ordertype_label": "Item based"
											},
											"path": "/datasets/@{encodeURIComponent(encodeURIComponent('orge905237c.crm'))}/tables/@{encodeURIComponent(encodeURIComponent('leads'))}/items",
											"authentication": "@parameters('$authentication')"
										}
									}
								}
							},
							"expression": {
								"not": {
									"equals": [
										"@body('Get_record')?['leadid']",
										"@null"
									]
								}
							},
							"type": "If"
						}
					},
					"runAfter": {
						"LeadId": [
							"Succeeded"
						]
					},
					"else": {
						"actions": {
							"Create_a_new_record_3": {
								"runAfter": {},
								"metadata": {
									"flowSystemMetadata": {
										"swaggerOperationId": "PostItem"
									}
								},
								"type": "ApiConnection",
								"inputs": {
									"host": {
										"connection": {
											"name": "@parameters('$connections')['shared_dynamicscrmonline_1']['connectionId']"
										},
										"api": {
											"runtimeUrl": "https://unitedstates-002.azure-apim.net/apim/dynamicscrmonline"
										}
									},
									"method": "post",
									"body": {
										"lastname": "@variables('CustomerLastName')",
										"subject": "@body('Parse_JSON_-_Microsoft_Partner_Center_Referral')?['id']",
										"companyname": "@body('Parse_JSON_-_Microsoft_Partner_Center_Referral')?['customerProfile']?['name']",
										"firstname": "@variables('CustomerFirstName')",
										"merged": false,
										"_address1_addresstypecode_label": "Default Value",
										"_address2_addresstypecode_label": "Default Value",
										"confirminterest": false,
										"decisionmaker": false,
										"donotbulkemail": false,
										"donotemail": false,
										"donotfax": false,
										"donotpostalmail": false,
										"donotphone": false,
										"evaluatefit": false,
										"followemail": true,
										"msdyn_gdproptout": false,
										"donotsendmm": false,
										"participatesinworkflow": false,
										"_preferredcontactmethodcode_label": "Any",
										"_prioritycode_label": "Default Value",
										"_leadqualitycode_label": "Warm",
										"_salesstagecode_label": "Default Value",
										"_msdyn_ordertype_label": "Item based"
									},
									"path": "/datasets/@{encodeURIComponent(encodeURIComponent('orge905237c.crm'))}/tables/@{encodeURIComponent(encodeURIComponent('leads'))}/items",
									"authentication": "@parameters('$authentication')"
								}
							},
							"Set_LeadId": {
								"runAfter": {
									"Create_a_new_record_3": [
										"Succeeded"
									]
								},
								"type": "SetVariable",
								"inputs": {
									"name": "LeadId",
									"value": "@body('Create_a_new_record_3')?['leadid']"
								}
							}
						}
					},
					"expression": {
						"not": {
							"equals": [
								"@variables('LeadId')",
								"@null"
							]
						}
					},
					"type": "If"
				},
				"Read_Customer_Name": {
					"actions": {
						"Apply_to_each": {
							"foreach": "@body('Parse_JSON_-_Microsoft_Partner_Center_Referral')?['customerProfile']?['team']",
							"actions": {
								"Set_variable-CustomerFirstName": {
									"runAfter": {},
									"type": "SetVariable",
									"inputs": {
										"name": "CustomerFirstName",
										"value": "@{items('Apply_to_each')?['firstName']}"
									}
								},
								"Set_variable-CustomerLastName": {
									"runAfter": {
										"Set_variable-CustomerFirstName": [
											"Succeeded"
										]
									},
									"type": "SetVariable",
									"inputs": {
										"name": "CustomerLastName",
										"value": "@items('Apply_to_each')?['lastName']"
									}
								}
							},
							"runAfter": {},
							"type": "Foreach"
						}
					},
					"runAfter": {
						"CustomerLastName": [
							"Succeeded"
						]
					},
					"expression": {
						"and": [
							{
								"not": {
									"equals": [
										"@body('Parse_JSON_-_Microsoft_Partner_Center_Referral')?['customerProfile']?['team']",
										"@null"
									]
								}
							},
							{
								"greater": [
									"@length(body('Parse_JSON_-_Microsoft_Partner_Center_Referral')?['customerProfile']?['team'])",
									0
								]
							}
						]
					},
					"type": "If"
				}
			},
			"outputs": {},
			"description": "Install this flow to receive referrals from Microsoft Partner Center and push them into your own Dynamics 365 instance."
		},
		"connectionReferences": {
			"shared_dynamicscrmonline_1": {
				"connectionName": "shared-dynamicscrmon-5139c26c-e0f6-440d-a6cd-1575f1b1a7ed",
				"source": "Embedded",
				"id": "/providers/Microsoft.PowerApps/apis/shared_dynamicscrmonline",
				"tier": "NotSpecified"
			}
		},
		"flowFailureAlertSubscribed": false
	}
}